Sun Jan 05 2025 00:00:00 GMT-0800 (Pacific Standard Time) -> (0)
Sun Jan 05 2025 00:00:00 GMT-0800 (Pacific Standard Time) -> (1)
Sun Jan 05 2025 00:00:00 GMT-0800 (Pacific Standard Time) -> (2)
Sun Jan 05 2025 00:00:00 GMT-0800 (Pacific Standard Time) -> (3)
Mon Jan 06 2025 00:00:00 GMT-0800 (Pacific Standard Time) -> (0)
Mon Jan 06 2025 00:00:00 GMT-0800 (Pacific Standard Time) -> (1)
Mon Jan 06 2025 00:00:00 GMT-0800 (Pacific Standard Time) -> (2)
Mon Jan 06 2025 00:00:00 GMT-0800 (Pacific Standard Time) -> (3)
Tue Jan 07 2025 00:00:00 GMT-0800 (Pacific Standard Time) -> (0)
Tue Jan 07 2025 00:00:00 GMT-0800 (Pacific Standard Time) -> (1)
Tue Jan 07 2025 00:00:00 GMT-0800 (Pacific Standard Time) -> (2)
Tue Jan 07 2025 00:00:00 GMT-0800 (Pacific Standard Time) -> (3)
Wed Jan 08 2025 00:00:00 GMT-0800 (Pacific Standard Time) -> (0)
Wed Jan 08 2025 00:00:00 GMT-0800 (Pacific Standard Time) -> (1)
Wed Jan 08 2025 00:00:00 GMT-0800 (Pacific Standard Time) -> (2)
Wed Jan 08 2025 00:00:00 GMT-0800 (Pacific Standard Time) -> (3)
Thu Jan 09 2025 00:00:00 GMT-0800 (Pacific Standard Time) -> (0)
Thu Jan 09 2025 00:00:00 GMT-0800 (Pacific Standard Time) -> (1)
Thu Jan 09 2025 00:00:00 GMT-0800 (Pacific Standard Time) -> (2)
Thu Jan 09 2025 00:00:00 GMT-0800 (Pacific Standard Time) -> (3)
Fri Jan 10 2025 00:00:00 GMT-0800 (Pacific Standard Time) -> (0)
Fri Jan 10 2025 00:00:00 GMT-0800 (Pacific Standard Time) -> (1)
Fri Jan 10 2025 00:00:00 GMT-0800 (Pacific Standard Time) -> (2)
Fri Jan 10 2025 00:00:00 GMT-0800 (Pacific Standard Time) -> (3)
Sat Jan 11 2025 00:00:00 GMT-0800 (Pacific Standard Time) -> (0)
Sat Jan 11 2025 00:00:00 GMT-0800 (Pacific Standard Time) -> (1)
Sat Jan 11 2025 00:00:00 GMT-0800 (Pacific Standard Time) -> (2)
Sat Jan 11 2025 00:00:00 GMT-0800 (Pacific Standard Time) -> (3)
Wed Jan 15 2025 00:00:00 GMT-0800 (Pacific Standard Time) -> (0)
Wed Jan 15 2025 00:00:00 GMT-0800 (Pacific Standard Time) -> (1)
Wed Jan 15 2025 00:00:00 GMT-0800 (Pacific Standard Time) -> (2)
Wed Jan 15 2025 00:00:00 GMT-0800 (Pacific Standard Time) -> (3)
Sun Jan 19 2025 00:00:00 GMT-0800 (Pacific Standard Time) -> (0)
Sun Jan 19 2025 00:00:00 GMT-0800 (Pacific Standard Time) -> (1)
Sun Jan 19 2025 00:00:00 GMT-0800 (Pacific Standard Time) -> (2)
Sun Jan 19 2025 00:00:00 GMT-0800 (Pacific Standard Time) -> (3)
Mon Jan 20 2025 00:00:00 GMT-0800 (Pacific Standard Time) -> (0)
Mon Jan 20 2025 00:00:00 GMT-0800 (Pacific Standard Time) -> (1)
Mon Jan 20 2025 00:00:00 GMT-0800 (Pacific Standard Time) -> (2)
Mon Jan 20 2025 00:00:00 GMT-0800 (Pacific Standard Time) -> (3)
Tue Jan 21 2025 00:00:00 GMT-0800 (Pacific Standard Time) -> (0)
Tue Jan 21 2025 00:00:00 GMT-0800 (Pacific Standard Time) -> (1)
Tue Jan 21 2025 00:00:00 GMT-0800 (Pacific Standard Time) -> (2)
Tue Jan 21 2025 00:00:00 GMT-0800 (Pacific Standard Time) -> (3)
Wed Jan 22 2025 00:00:00 GMT-0800 (Pacific Standard Time) -> (0)
Wed Jan 22 2025 00:00:00 GMT-0800 (Pacific Standard Time) -> (1)
Wed Jan 22 2025 00:00:00 GMT-0800 (Pacific Standard Time) -> (2)
Wed Jan 22 2025 00:00:00 GMT-0800 (Pacific Standard Time) -> (3)
Thu Jan 23 2025 00:00:00 GMT-0800 (Pacific Standard Time) -> (0)
Thu Jan 23 2025 00:00:00 GMT-0800 (Pacific Standard Time) -> (1)
Thu Jan 23 2025 00:00:00 GMT-0800 (Pacific Standard Time) -> (2)
Thu Jan 23 2025 00:00:00 GMT-0800 (Pacific Standard Time) -> (3)
Fri Jan 24 2025 00:00:00 GMT-0800 (Pacific Standard Time) -> (0)
Fri Jan 24 2025 00:00:00 GMT-0800 (Pacific Standard Time) -> (1)
Fri Jan 24 2025 00:00:00 GMT-0800 (Pacific Standard Time) -> (2)
Fri Jan 24 2025 00:00:00 GMT-0800 (Pacific Standard Time) -> (3)
Sat Jan 25 2025 00:00:00 GMT-0800 (Pacific Standard Time) -> (0)
Sat Jan 25 2025 00:00:00 GMT-0800 (Pacific Standard Time) -> (1)
Sat Jan 25 2025 00:00:00 GMT-0800 (Pacific Standard Time) -> (2)
Sat Jan 25 2025 00:00:00 GMT-0800 (Pacific Standard Time) -> (3)
Sun Feb 02 2025 00:00:00 GMT-0800 (Pacific Standard Time) -> (0)
Sun Feb 02 2025 00:00:00 GMT-0800 (Pacific Standard Time) -> (1)
Sun Feb 02 2025 00:00:00 GMT-0800 (Pacific Standard Time) -> (2)
Sun Feb 02 2025 00:00:00 GMT-0800 (Pacific Standard Time) -> (3)
Mon Feb 03 2025 00:00:00 GMT-0800 (Pacific Standard Time) -> (0)
Mon Feb 03 2025 00:00:00 GMT-0800 (Pacific Standard Time) -> (1)
Mon Feb 03 2025 00:00:00 GMT-0800 (Pacific Standard Time) -> (2)
Mon Feb 03 2025 00:00:00 GMT-0800 (Pacific Standard Time) -> (3)
Tue Feb 04 2025 00:00:00 GMT-0800 (Pacific Standard Time) -> (0)
Tue Feb 04 2025 00:00:00 GMT-0800 (Pacific Standard Time) -> (1)
Tue Feb 04 2025 00:00:00 GMT-0800 (Pacific Standard Time) -> (2)
Tue Feb 04 2025 00:00:00 GMT-0800 (Pacific Standard Time) -> (3)
Wed Feb 05 2025 00:00:00 GMT-0800 (Pacific Standard Time) -> (0)
Wed Feb 05 2025 00:00:00 GMT-0800 (Pacific Standard Time) -> (1)
Wed Feb 05 2025 00:00:00 GMT-0800 (Pacific Standard Time) -> (2)
Wed Feb 05 2025 00:00:00 GMT-0800 (Pacific Standard Time) -> (3)
Thu Feb 06 2025 00:00:00 GMT-0800 (Pacific Standard Time) -> (0)
Thu Feb 06 2025 00:00:00 GMT-0800 (Pacific Standard Time) -> (1)
Thu Feb 06 2025 00:00:00 GMT-0800 (Pacific Standard Time) -> (2)
Thu Feb 06 2025 00:00:00 GMT-0800 (Pacific Standard Time) -> (3)
Fri Feb 07 2025 00:00:00 GMT-0800 (Pacific Standard Time) -> (0)
Fri Feb 07 2025 00:00:00 GMT-0800 (Pacific Standard Time) -> (1)
Fri Feb 07 2025 00:00:00 GMT-0800 (Pacific Standard Time) -> (2)
Fri Feb 07 2025 00:00:00 GMT-0800 (Pacific Standard Time) -> (3)
Sat Feb 08 2025 00:00:00 GMT-0800 (Pacific Standard Time) -> (0)
Sat Feb 08 2025 00:00:00 GMT-0800 (Pacific Standard Time) -> (1)
Sat Feb 08 2025 00:00:00 GMT-0800 (Pacific Standard Time) -> (2)
Sat Feb 08 2025 00:00:00 GMT-0800 (Pacific Standard Time) -> (3)
Sun Feb 23 2025 00:00:00 GMT-0800 (Pacific Standard Time) -> (0)
Sun Feb 23 2025 00:00:00 GMT-0800 (Pacific Standard Time) -> (1)
Sun Feb 23 2025 00:00:00 GMT-0800 (Pacific Standard Time) -> (2)
Sun Feb 23 2025 00:00:00 GMT-0800 (Pacific Standard Time) -> (3)
Mon Feb 24 2025 00:00:00 GMT-0800 (Pacific Standard Time) -> (0)
Mon Feb 24 2025 00:00:00 GMT-0800 (Pacific Standard Time) -> (1)
Mon Feb 24 2025 00:00:00 GMT-0800 (Pacific Standard Time) -> (2)
Mon Feb 24 2025 00:00:00 GMT-0800 (Pacific Standard Time) -> (3)
Tue Feb 25 2025 00:00:00 GMT-0800 (Pacific Standard Time) -> (0)
Tue Feb 25 2025 00:00:00 GMT-0800 (Pacific Standard Time) -> (1)
Tue Feb 25 2025 00:00:00 GMT-0800 (Pacific Standard Time) -> (2)
Tue Feb 25 2025 00:00:00 GMT-0800 (Pacific Standard Time) -> (3)
Wed Feb 26 2025 00:00:00 GMT-0800 (Pacific Standard Time) -> (0)
Wed Feb 26 2025 00:00:00 GMT-0800 (Pacific Standard Time) -> (1)
Wed Feb 26 2025 00:00:00 GMT-0800 (Pacific Standard Time) -> (2)
Wed Feb 26 2025 00:00:00 GMT-0800 (Pacific Standard Time) -> (3)
Thu Feb 27 2025 00:00:00 GMT-0800 (Pacific Standard Time) -> (0)
Thu Feb 27 2025 00:00:00 GMT-0800 (Pacific Standard Time) -> (1)
Thu Feb 27 2025 00:00:00 GMT-0800 (Pacific Standard Time) -> (2)
Thu Feb 27 2025 00:00:00 GMT-0800 (Pacific Standard Time) -> (3)
Fri Feb 28 2025 00:00:00 GMT-0800 (Pacific Standard Time) -> (0)
Fri Feb 28 2025 00:00:00 GMT-0800 (Pacific Standard Time) -> (1)
Fri Feb 28 2025 00:00:00 GMT-0800 (Pacific Standard Time) -> (2)
Fri Feb 28 2025 00:00:00 GMT-0800 (Pacific Standard Time) -> (3)
Sat Mar 01 2025 00:00:00 GMT-0800 (Pacific Standard Time) -> (0)
Sat Mar 01 2025 00:00:00 GMT-0800 (Pacific Standard Time) -> (1)
Sat Mar 01 2025 00:00:00 GMT-0800 (Pacific Standard Time) -> (2)
Sat Mar 01 2025 00:00:00 GMT-0800 (Pacific Standard Time) -> (3)
Wed Mar 05 2025 00:00:00 GMT-0800 (Pacific Standard Time) -> (0)
Wed Mar 05 2025 00:00:00 GMT-0800 (Pacific Standard Time) -> (1)
Wed Mar 05 2025 00:00:00 GMT-0800 (Pacific Standard Time) -> (2)
Wed Mar 05 2025 00:00:00 GMT-0800 (Pacific Standard Time) -> (3)
Sun Mar 09 2025 00:00:00 GMT-0800 (Pacific Standard Time) -> (0)
Sun Mar 09 2025 00:00:00 GMT-0800 (Pacific Standard Time) -> (1)
Sun Mar 09 2025 00:00:00 GMT-0800 (Pacific Standard Time) -> (2)
Sun Mar 09 2025 00:00:00 GMT-0800 (Pacific Standard Time) -> (3)
Mon Mar 10 2025 00:00:00 GMT-0700 (Pacific Daylight Time) -> (0)
Mon Mar 10 2025 00:00:00 GMT-0700 (Pacific Daylight Time) -> (1)
Mon Mar 10 2025 00:00:00 GMT-0700 (Pacific Daylight Time) -> (2)
Mon Mar 10 2025 00:00:00 GMT-0700 (Pacific Daylight Time) -> (3)
Tue Mar 11 2025 00:00:00 GMT-0700 (Pacific Daylight Time) -> (0)
Tue Mar 11 2025 00:00:00 GMT-0700 (Pacific Daylight Time) -> (1)
Tue Mar 11 2025 00:00:00 GMT-0700 (Pacific Daylight Time) -> (2)
Tue Mar 11 2025 00:00:00 GMT-0700 (Pacific Daylight Time) -> (3)
Wed Mar 12 2025 00:00:00 GMT-0700 (Pacific Daylight Time) -> (0)
Wed Mar 12 2025 00:00:00 GMT-0700 (Pacific Daylight Time) -> (1)
Wed Mar 12 2025 00:00:00 GMT-0700 (Pacific Daylight Time) -> (2)
Wed Mar 12 2025 00:00:00 GMT-0700 (Pacific Daylight Time) -> (3)
Thu Mar 13 2025 00:00:00 GMT-0700 (Pacific Daylight Time) -> (0)
Thu Mar 13 2025 00:00:00 GMT-0700 (Pacific Daylight Time) -> (1)
Thu Mar 13 2025 00:00:00 GMT-0700 (Pacific Daylight Time) -> (2)
Thu Mar 13 2025 00:00:00 GMT-0700 (Pacific Daylight Time) -> (3)
Fri Mar 14 2025 00:00:00 GMT-0700 (Pacific Daylight Time) -> (0)
Fri Mar 14 2025 00:00:00 GMT-0700 (Pacific Daylight Time) -> (1)
Fri Mar 14 2025 00:00:00 GMT-0700 (Pacific Daylight Time) -> (2)
Fri Mar 14 2025 00:00:00 GMT-0700 (Pacific Daylight Time) -> (3)
Sat Mar 15 2025 00:00:00 GMT-0700 (Pacific Daylight Time) -> (0)
Sat Mar 15 2025 00:00:00 GMT-0700 (Pacific Daylight Time) -> (1)
Sat Mar 15 2025 00:00:00 GMT-0700 (Pacific Daylight Time) -> (2)
Sat Mar 15 2025 00:00:00 GMT-0700 (Pacific Daylight Time) -> (3)
Sun Mar 23 2025 00:00:00 GMT-0700 (Pacific Daylight Time) -> (0)
Sun Mar 23 2025 00:00:00 GMT-0700 (Pacific Daylight Time) -> (1)
Sun Mar 23 2025 00:00:00 GMT-0700 (Pacific Daylight Time) -> (2)
Sun Mar 23 2025 00:00:00 GMT-0700 (Pacific Daylight Time) -> (3)
Mon Mar 24 2025 00:00:00 GMT-0700 (Pacific Daylight Time) -> (0)
Mon Mar 24 2025 00:00:00 GMT-0700 (Pacific Daylight Time) -> (1)
Mon Mar 24 2025 00:00:00 GMT-0700 (Pacific Daylight Time) -> (2)
Mon Mar 24 2025 00:00:00 GMT-0700 (Pacific Daylight Time) -> (3)
Tue Mar 25 2025 00:00:00 GMT-0700 (Pacific Daylight Time) -> (0)
Tue Mar 25 2025 00:00:00 GMT-0700 (Pacific Daylight Time) -> (1)
Tue Mar 25 2025 00:00:00 GMT-0700 (Pacific Daylight Time) -> (2)
Tue Mar 25 2025 00:00:00 GMT-0700 (Pacific Daylight Time) -> (3)
Wed Mar 26 2025 00:00:00 GMT-0700 (Pacific Daylight Time) -> (0)
Wed Mar 26 2025 00:00:00 GMT-0700 (Pacific Daylight Time) -> (1)
Wed Mar 26 2025 00:00:00 GMT-0700 (Pacific Daylight Time) -> (2)
Wed Mar 26 2025 00:00:00 GMT-0700 (Pacific Daylight Time) -> (3)
Thu Mar 27 2025 00:00:00 GMT-0700 (Pacific Daylight Time) -> (0)
Thu Mar 27 2025 00:00:00 GMT-0700 (Pacific Daylight Time) -> (1)
Thu Mar 27 2025 00:00:00 GMT-0700 (Pacific Daylight Time) -> (2)
Thu Mar 27 2025 00:00:00 GMT-0700 (Pacific Daylight Time) -> (3)
Fri Mar 28 2025 00:00:00 GMT-0700 (Pacific Daylight Time) -> (0)
Fri Mar 28 2025 00:00:00 GMT-0700 (Pacific Daylight Time) -> (1)
Fri Mar 28 2025 00:00:00 GMT-0700 (Pacific Daylight Time) -> (2)
Fri Mar 28 2025 00:00:00 GMT-0700 (Pacific Daylight Time) -> (3)
Sat Mar 29 2025 00:00:00 GMT-0700 (Pacific Daylight Time) -> (0)
Sat Mar 29 2025 00:00:00 GMT-0700 (Pacific Daylight Time) -> (1)
Sat Mar 29 2025 00:00:00 GMT-0700 (Pacific Daylight Time) -> (2)
Sat Mar 29 2025 00:00:00 GMT-0700 (Pacific Daylight Time) -> (3)
Sun Mar 30 2025 00:00:00 GMT-0700 (Pacific Daylight Time) -> (0)
Sun Mar 30 2025 00:00:00 GMT-0700 (Pacific Daylight Time) -> (1)
Sun Mar 30 2025 00:00:00 GMT-0700 (Pacific Daylight Time) -> (2)
Sun Mar 30 2025 00:00:00 GMT-0700 (Pacific Daylight Time) -> (3)
Sat Apr 05 2025 00:00:00 GMT-0700 (Pacific Daylight Time) -> (0)
Sat Apr 05 2025 00:00:00 GMT-0700 (Pacific Daylight Time) -> (1)
Sat Apr 05 2025 00:00:00 GMT-0700 (Pacific Daylight Time) -> (2)
Sat Apr 05 2025 00:00:00 GMT-0700 (Pacific Daylight Time) -> (3)
Sun Apr 06 2025 00:00:00 GMT-0700 (Pacific Daylight Time) -> (0)
Sun Apr 06 2025 00:00:00 GMT-0700 (Pacific Daylight Time) -> (1)
Sun Apr 06 2025 00:00:00 GMT-0700 (Pacific Daylight Time) -> (2)
Sun Apr 06 2025 00:00:00 GMT-0700 (Pacific Daylight Time) -> (3)
Mon Apr 07 2025 00:00:00 GMT-0700 (Pacific Daylight Time) -> (0)
Mon Apr 07 2025 00:00:00 GMT-0700 (Pacific Daylight Time) -> (1)
Mon Apr 07 2025 00:00:00 GMT-0700 (Pacific Daylight Time) -> (2)
Mon Apr 07 2025 00:00:00 GMT-0700 (Pacific Daylight Time) -> (3)
Tue Apr 08 2025 00:00:00 GMT-0700 (Pacific Daylight Time) -> (0)
Tue Apr 08 2025 00:00:00 GMT-0700 (Pacific Daylight Time) -> (1)
Tue Apr 08 2025 00:00:00 GMT-0700 (Pacific Daylight Time) -> (2)
Tue Apr 08 2025 00:00:00 GMT-0700 (Pacific Daylight Time) -> (3)
Wed Apr 09 2025 00:00:00 GMT-0700 (Pacific Daylight Time) -> (0)
Wed Apr 09 2025 00:00:00 GMT-0700 (Pacific Daylight Time) -> (1)
Wed Apr 09 2025 00:00:00 GMT-0700 (Pacific Daylight Time) -> (2)
Wed Apr 09 2025 00:00:00 GMT-0700 (Pacific Daylight Time) -> (3)
Thu Apr 10 2025 00:00:00 GMT-0700 (Pacific Daylight Time) -> (0)
Thu Apr 10 2025 00:00:00 GMT-0700 (Pacific Daylight Time) -> (1)
Thu Apr 10 2025 00:00:00 GMT-0700 (Pacific Daylight Time) -> (2)
Thu Apr 10 2025 00:00:00 GMT-0700 (Pacific Daylight Time) -> (3)
Fri Apr 11 2025 00:00:00 GMT-0700 (Pacific Daylight Time) -> (0)
Fri Apr 11 2025 00:00:00 GMT-0700 (Pacific Daylight Time) -> (1)
Fri Apr 11 2025 00:00:00 GMT-0700 (Pacific Daylight Time) -> (2)
Fri Apr 11 2025 00:00:00 GMT-0700 (Pacific Daylight Time) -> (3)
Sat Apr 12 2025 00:00:00 GMT-0700 (Pacific Daylight Time) -> (0)
Sat Apr 12 2025 00:00:00 GMT-0700 (Pacific Daylight Time) -> (1)
Sat Apr 12 2025 00:00:00 GMT-0700 (Pacific Daylight Time) -> (2)
Sat Apr 12 2025 00:00:00 GMT-0700 (Pacific Daylight Time) -> (3)
Sun Apr 20 2025 00:00:00 GMT-0700 (Pacific Daylight Time) -> (0)
Sun Apr 20 2025 00:00:00 GMT-0700 (Pacific Daylight Time) -> (1)
Sun Apr 20 2025 00:00:00 GMT-0700 (Pacific Daylight Time) -> (2)
Sun Apr 20 2025 00:00:00 GMT-0700 (Pacific Daylight Time) -> (3)
Mon Apr 21 2025 00:00:00 GMT-0700 (Pacific Daylight Time) -> (0)
Mon Apr 21 2025 00:00:00 GMT-0700 (Pacific Daylight Time) -> (1)
Mon Apr 21 2025 00:00:00 GMT-0700 (Pacific Daylight Time) -> (2)
Mon Apr 21 2025 00:00:00 GMT-0700 (Pacific Daylight Time) -> (3)
Tue Apr 22 2025 00:00:00 GMT-0700 (Pacific Daylight Time) -> (0)
Tue Apr 22 2025 00:00:00 GMT-0700 (Pacific Daylight Time) -> (1)
Tue Apr 22 2025 00:00:00 GMT-0700 (Pacific Daylight Time) -> (2)
Tue Apr 22 2025 00:00:00 GMT-0700 (Pacific Daylight Time) -> (3)
Wed Apr 23 2025 00:00:00 GMT-0700 (Pacific Daylight Time) -> (0)
Wed Apr 23 2025 00:00:00 GMT-0700 (Pacific Daylight Time) -> (1)
Wed Apr 23 2025 00:00:00 GMT-0700 (Pacific Daylight Time) -> (2)
Wed Apr 23 2025 00:00:00 GMT-0700 (Pacific Daylight Time) -> (3)
Thu Apr 24 2025 00:00:00 GMT-0700 (Pacific Daylight Time) -> (0)
Thu Apr 24 2025 00:00:00 GMT-0700 (Pacific Daylight Time) -> (1)
Thu Apr 24 2025 00:00:00 GMT-0700 (Pacific Daylight Time) -> (2)
Thu Apr 24 2025 00:00:00 GMT-0700 (Pacific Daylight Time) -> (3)
Fri Apr 25 2025 00:00:00 GMT-0700 (Pacific Daylight Time) -> (0)
Fri Apr 25 2025 00:00:00 GMT-0700 (Pacific Daylight Time) -> (1)
Fri Apr 25 2025 00:00:00 GMT-0700 (Pacific Daylight Time) -> (2)
Fri Apr 25 2025 00:00:00 GMT-0700 (Pacific Daylight Time) -> (3)
Sat Apr 26 2025 00:00:00 GMT-0700 (Pacific Daylight Time) -> (0)
Sat Apr 26 2025 00:00:00 GMT-0700 (Pacific Daylight Time) -> (1)
Sat Apr 26 2025 00:00:00 GMT-0700 (Pacific Daylight Time) -> (2)
Sat Apr 26 2025 00:00:00 GMT-0700 (Pacific Daylight Time) -> (3)
Sat May 03 2025 00:00:00 GMT-0700 (Pacific Daylight Time) -> (0)
Sat May 03 2025 00:00:00 GMT-0700 (Pacific Daylight Time) -> (1)
Sat May 03 2025 00:00:00 GMT-0700 (Pacific Daylight Time) -> (2)
Sat May 03 2025 00:00:00 GMT-0700 (Pacific Daylight Time) -> (3)
Mon May 05 2025 00:00:00 GMT-0700 (Pacific Daylight Time) -> (0)
Mon May 05 2025 00:00:00 GMT-0700 (Pacific Daylight Time) -> (1)
Mon May 05 2025 00:00:00 GMT-0700 (Pacific Daylight Time) -> (2)
Mon May 05 2025 00:00:00 GMT-0700 (Pacific Daylight Time) -> (3)
Tue May 06 2025 00:00:00 GMT-0700 (Pacific Daylight Time) -> (0)
Tue May 06 2025 00:00:00 GMT-0700 (Pacific Daylight Time) -> (1)
Tue May 06 2025 00:00:00 GMT-0700 (Pacific Daylight Time) -> (2)
Tue May 06 2025 00:00:00 GMT-0700 (Pacific Daylight Time) -> (3)
Wed May 07 2025 00:00:00 GMT-0700 (Pacific Daylight Time) -> (0)
Wed May 07 2025 00:00:00 GMT-0700 (Pacific Daylight Time) -> (1)
Wed May 07 2025 00:00:00 GMT-0700 (Pacific Daylight Time) -> (2)
Wed May 07 2025 00:00:00 GMT-0700 (Pacific Daylight Time) -> (3)
Thu May 08 2025 00:00:00 GMT-0700 (Pacific Daylight Time) -> (0)
Thu May 08 2025 00:00:00 GMT-0700 (Pacific Daylight Time) -> (1)
Thu May 08 2025 00:00:00 GMT-0700 (Pacific Daylight Time) -> (2)
Thu May 08 2025 00:00:00 GMT-0700 (Pacific Daylight Time) -> (3)
Fri May 09 2025 00:00:00 GMT-0700 (Pacific Daylight Time) -> (0)
Fri May 09 2025 00:00:00 GMT-0700 (Pacific Daylight Time) -> (1)
Fri May 09 2025 00:00:00 GMT-0700 (Pacific Daylight Time) -> (2)
Fri May 09 2025 00:00:00 GMT-0700 (Pacific Daylight Time) -> (3)
Sat May 10 2025 00:00:00 GMT-0700 (Pacific Daylight Time) -> (0)
Sat May 10 2025 00:00:00 GMT-0700 (Pacific Daylight Time) -> (1)
Sat May 10 2025 00:00:00 GMT-0700 (Pacific Daylight Time) -> (2)
Sat May 10 2025 00:00:00 GMT-0700 (Pacific Daylight Time) -> (3)
Sat May 17 2025 00:00:00 GMT-0700 (Pacific Daylight Time) -> (0)
Sat May 17 2025 00:00:00 GMT-0700 (Pacific Daylight Time) -> (1)
Sat May 17 2025 00:00:00 GMT-0700 (Pacific Daylight Time) -> (2)
Sat May 17 2025 00:00:00 GMT-0700 (Pacific Daylight Time) -> (3)
Sun May 18 2025 00:00:00 GMT-0700 (Pacific Daylight Time) -> (0)
Sun May 18 2025 00:00:00 GMT-0700 (Pacific Daylight Time) -> (1)
Sun May 18 2025 00:00:00 GMT-0700 (Pacific Daylight Time) -> (2)
Sun May 18 2025 00:00:00 GMT-0700 (Pacific Daylight Time) -> (3)
Mon May 19 2025 00:00:00 GMT-0700 (Pacific Daylight Time) -> (0)
Mon May 19 2025 00:00:00 GMT-0700 (Pacific Daylight Time) -> (1)
Mon May 19 2025 00:00:00 GMT-0700 (Pacific Daylight Time) -> (2)
Mon May 19 2025 00:00:00 GMT-0700 (Pacific Daylight Time) -> (3)
Tue May 20 2025 00:00:00 GMT-0700 (Pacific Daylight Time) -> (0)
Tue May 20 2025 00:00:00 GMT-0700 (Pacific Daylight Time) -> (1)
Tue May 20 2025 00:00:00 GMT-0700 (Pacific Daylight Time) -> (2)
Tue May 20 2025 00:00:00 GMT-0700 (Pacific Daylight Time) -> (3)
Wed May 21 2025 00:00:00 GMT-0700 (Pacific Daylight Time) -> (0)
Wed May 21 2025 00:00:00 GMT-0700 (Pacific Daylight Time) -> (1)
Wed May 21 2025 00:00:00 GMT-0700 (Pacific Daylight Time) -> (2)
Wed May 21 2025 00:00:00 GMT-0700 (Pacific Daylight Time) -> (3)
Thu May 22 2025 00:00:00 GMT-0700 (Pacific Daylight Time) -> (0)
Thu May 22 2025 00:00:00 GMT-0700 (Pacific Daylight Time) -> (1)
Thu May 22 2025 00:00:00 GMT-0700 (Pacific Daylight Time) -> (2)
Thu May 22 2025 00:00:00 GMT-0700 (Pacific Daylight Time) -> (3)
Fri May 23 2025 00:00:00 GMT-0700 (Pacific Daylight Time) -> (0)
Fri May 23 2025 00:00:00 GMT-0700 (Pacific Daylight Time) -> (1)
Fri May 23 2025 00:00:00 GMT-0700 (Pacific Daylight Time) -> (2)
Fri May 23 2025 00:00:00 GMT-0700 (Pacific Daylight Time) -> (3)
Sat May 24 2025 00:00:00 GMT-0700 (Pacific Daylight Time) -> (0)
Sat May 24 2025 00:00:00 GMT-0700 (Pacific Daylight Time) -> (1)
Sat May 24 2025 00:00:00 GMT-0700 (Pacific Daylight Time) -> (2)
Sat May 24 2025 00:00:00 GMT-0700 (Pacific Daylight Time) -> (3)
Sun Jun 08 2025 00:00:00 GMT-0700 (Pacific Daylight Time) -> (0)
Sun Jun 08 2025 00:00:00 GMT-0700 (Pacific Daylight Time) -> (1)
Sun Jun 08 2025 00:00:00 GMT-0700 (Pacific Daylight Time) -> (2)
Sun Jun 08 2025 00:00:00 GMT-0700 (Pacific Daylight Time) -> (3)
Mon Jun 09 2025 00:00:00 GMT-0700 (Pacific Daylight Time) -> (0)
Mon Jun 09 2025 00:00:00 GMT-0700 (Pacific Daylight Time) -> (1)
Mon Jun 09 2025 00:00:00 GMT-0700 (Pacific Daylight Time) -> (2)
Mon Jun 09 2025 00:00:00 GMT-0700 (Pacific Daylight Time) -> (3)
Tue Jun 10 2025 00:00:00 GMT-0700 (Pacific Daylight Time) -> (0)
Tue Jun 10 2025 00:00:00 GMT-0700 (Pacific Daylight Time) -> (1)
Tue Jun 10 2025 00:00:00 GMT-0700 (Pacific Daylight Time) -> (2)
Tue Jun 10 2025 00:00:00 GMT-0700 (Pacific Daylight Time) -> (3)
Wed Jun 11 2025 00:00:00 GMT-0700 (Pacific Daylight Time) -> (0)
Wed Jun 11 2025 00:00:00 GMT-0700 (Pacific Daylight Time) -> (1)
Wed Jun 11 2025 00:00:00 GMT-0700 (Pacific Daylight Time) -> (2)
Wed Jun 11 2025 00:00:00 GMT-0700 (Pacific Daylight Time) -> (3)
Thu Jun 12 2025 00:00:00 GMT-0700 (Pacific Daylight Time) -> (0)
Thu Jun 12 2025 00:00:00 GMT-0700 (Pacific Daylight Time) -> (1)
Thu Jun 12 2025 00:00:00 GMT-0700 (Pacific Daylight Time) -> (2)
Thu Jun 12 2025 00:00:00 GMT-0700 (Pacific Daylight Time) -> (3)
Fri Jun 13 2025 00:00:00 GMT-0700 (Pacific Daylight Time) -> (0)
Fri Jun 13 2025 00:00:00 GMT-0700 (Pacific Daylight Time) -> (1)
Fri Jun 13 2025 00:00:00 GMT-0700 (Pacific Daylight Time) -> (2)
Fri Jun 13 2025 00:00:00 GMT-0700 (Pacific Daylight Time) -> (3)
Sat Jun 14 2025 00:00:00 GMT-0700 (Pacific Daylight Time) -> (0)
Sat Jun 14 2025 00:00:00 GMT-0700 (Pacific Daylight Time) -> (1)
Sat Jun 14 2025 00:00:00 GMT-0700 (Pacific Daylight Time) -> (2)
Sat Jun 14 2025 00:00:00 GMT-0700 (Pacific Daylight Time) -> (3)
Sun Jun 15 2025 00:00:00 GMT-0700 (Pacific Daylight Time) -> (0)
Sun Jun 15 2025 00:00:00 GMT-0700 (Pacific Daylight Time) -> (1)
Sun Jun 15 2025 00:00:00 GMT-0700 (Pacific Daylight Time) -> (2)
Sun Jun 15 2025 00:00:00 GMT-0700 (Pacific Daylight Time) -> (3)
Wed Jun 18 2025 00:00:00 GMT-0700 (Pacific Daylight Time) -> (0)
Wed Jun 18 2025 00:00:00 GMT-0700 (Pacific Daylight Time) -> (1)
Wed Jun 18 2025 00:00:00 GMT-0700 (Pacific Daylight Time) -> (2)
Wed Jun 18 2025 00:00:00 GMT-0700 (Pacific Daylight Time) -> (3)
Sun Jun 22 2025 00:00:00 GMT-0700 (Pacific Daylight Time) -> (0)
Sun Jun 22 2025 00:00:00 GMT-0700 (Pacific Daylight Time) -> (1)
Sun Jun 22 2025 00:00:00 GMT-0700 (Pacific Daylight Time) -> (2)
Sun Jun 22 2025 00:00:00 GMT-0700 (Pacific Daylight Time) -> (3)
Mon Jun 23 2025 00:00:00 GMT-0700 (Pacific Daylight Time) -> (0)
Mon Jun 23 2025 00:00:00 GMT-0700 (Pacific Daylight Time) -> (1)
Mon Jun 23 2025 00:00:00 GMT-0700 (Pacific Daylight Time) -> (2)
Mon Jun 23 2025 00:00:00 GMT-0700 (Pacific Daylight Time) -> (3)
Tue Jun 24 2025 00:00:00 GMT-0700 (Pacific Daylight Time) -> (0)
Tue Jun 24 2025 00:00:00 GMT-0700 (Pacific Daylight Time) -> (1)
Tue Jun 24 2025 00:00:00 GMT-0700 (Pacific Daylight Time) -> (2)
Tue Jun 24 2025 00:00:00 GMT-0700 (Pacific Daylight Time) -> (3)
Wed Jun 25 2025 00:00:00 GMT-0700 (Pacific Daylight Time) -> (0)
Wed Jun 25 2025 00:00:00 GMT-0700 (Pacific Daylight Time) -> (1)
Wed Jun 25 2025 00:00:00 GMT-0700 (Pacific Daylight Time) -> (2)
Wed Jun 25 2025 00:00:00 GMT-0700 (Pacific Daylight Time) -> (3)
Thu Jun 26 2025 00:00:00 GMT-0700 (Pacific Daylight Time) -> (0)
Thu Jun 26 2025 00:00:00 GMT-0700 (Pacific Daylight Time) -> (1)
Thu Jun 26 2025 00:00:00 GMT-0700 (Pacific Daylight Time) -> (2)
Thu Jun 26 2025 00:00:00 GMT-0700 (Pacific Daylight Time) -> (3)
Fri Jun 27 2025 00:00:00 GMT-0700 (Pacific Daylight Time) -> (0)
Fri Jun 27 2025 00:00:00 GMT-0700 (Pacific Daylight Time) -> (1)
Fri Jun 27 2025 00:00:00 GMT-0700 (Pacific Daylight Time) -> (2)
Fri Jun 27 2025 00:00:00 GMT-0700 (Pacific Daylight Time) -> (3)
Sat Jun 28 2025 00:00:00 GMT-0700 (Pacific Daylight Time) -> (0)
Sat Jun 28 2025 00:00:00 GMT-0700 (Pacific Daylight Time) -> (1)
Sat Jun 28 2025 00:00:00 GMT-0700 (Pacific Daylight Time) -> (2)
Sat Jun 28 2025 00:00:00 GMT-0700 (Pacific Daylight Time) -> (3)
Sun Jul 06 2025 00:00:00 GMT-0700 (Pacific Daylight Time) -> (0)
Sun Jul 06 2025 00:00:00 GMT-0700 (Pacific Daylight Time) -> (1)
Sun Jul 06 2025 00:00:00 GMT-0700 (Pacific Daylight Time) -> (2)
Sun Jul 06 2025 00:00:00 GMT-0700 (Pacific Daylight Time) -> (3)
Mon Jul 07 2025 00:00:00 GMT-0700 (Pacific Daylight Time) -> (0)
Mon Jul 07 2025 00:00:00 GMT-0700 (Pacific Daylight Time) -> (1)
Mon Jul 07 2025 00:00:00 GMT-0700 (Pacific Daylight Time) -> (2)
Mon Jul 07 2025 00:00:00 GMT-0700 (Pacific Daylight Time) -> (3)
Tue Jul 08 2025 00:00:00 GMT-0700 (Pacific Daylight Time) -> (0)
Tue Jul 08 2025 00:00:00 GMT-0700 (Pacific Daylight Time) -> (1)
Tue Jul 08 2025 00:00:00 GMT-0700 (Pacific Daylight Time) -> (2)
Tue Jul 08 2025 00:00:00 GMT-0700 (Pacific Daylight Time) -> (3)
Wed Jul 09 2025 00:00:00 GMT-0700 (Pacific Daylight Time) -> (0)
Wed Jul 09 2025 00:00:00 GMT-0700 (Pacific Daylight Time) -> (1)
Wed Jul 09 2025 00:00:00 GMT-0700 (Pacific Daylight Time) -> (2)
Wed Jul 09 2025 00:00:00 GMT-0700 (Pacific Daylight Time) -> (3)
Thu Jul 10 2025 00:00:00 GMT-0700 (Pacific Daylight Time) -> (0)
Thu Jul 10 2025 00:00:00 GMT-0700 (Pacific Daylight Time) -> (1)
Thu Jul 10 2025 00:00:00 GMT-0700 (Pacific Daylight Time) -> (2)
Thu Jul 10 2025 00:00:00 GMT-0700 (Pacific Daylight Time) -> (3)
Fri Jul 11 2025 00:00:00 GMT-0700 (Pacific Daylight Time) -> (0)
Fri Jul 11 2025 00:00:00 GMT-0700 (Pacific Daylight Time) -> (1)
Fri Jul 11 2025 00:00:00 GMT-0700 (Pacific Daylight Time) -> (2)
Fri Jul 11 2025 00:00:00 GMT-0700 (Pacific Daylight Time) -> (3)
Sat Jul 12 2025 00:00:00 GMT-0700 (Pacific Daylight Time) -> (0)
Sat Jul 12 2025 00:00:00 GMT-0700 (Pacific Daylight Time) -> (1)
Sat Jul 12 2025 00:00:00 GMT-0700 (Pacific Daylight Time) -> (2)
Sat Jul 12 2025 00:00:00 GMT-0700 (Pacific Daylight Time) -> (3)
Sun Jul 13 2025 00:00:00 GMT-0700 (Pacific Daylight Time) -> (0)
Sun Jul 13 2025 00:00:00 GMT-0700 (Pacific Daylight Time) -> (1)
Sun Jul 13 2025 00:00:00 GMT-0700 (Pacific Daylight Time) -> (2)
Sun Jul 13 2025 00:00:00 GMT-0700 (Pacific Daylight Time) -> (3)
Wed Jul 16 2025 00:00:00 GMT-0700 (Pacific Daylight Time) -> (0)
Wed Jul 16 2025 00:00:00 GMT-0700 (Pacific Daylight Time) -> (1)
Wed Jul 16 2025 00:00:00 GMT-0700 (Pacific Daylight Time) -> (2)
Wed Jul 16 2025 00:00:00 GMT-0700 (Pacific Daylight Time) -> (3)
Thu Jul 17 2025 00:00:00 GMT-0700 (Pacific Daylight Time) -> (0)
Thu Jul 17 2025 00:00:00 GMT-0700 (Pacific Daylight Time) -> (1)
Thu Jul 17 2025 00:00:00 GMT-0700 (Pacific Daylight Time) -> (2)
Thu Jul 17 2025 00:00:00 GMT-0700 (Pacific Daylight Time) -> (3)
Sun Jul 20 2025 00:00:00 GMT-0700 (Pacific Daylight Time) -> (0)
Sun Jul 20 2025 00:00:00 GMT-0700 (Pacific Daylight Time) -> (1)
Sun Jul 20 2025 00:00:00 GMT-0700 (Pacific Daylight Time) -> (2)
Sun Jul 20 2025 00:00:00 GMT-0700 (Pacific Daylight Time) -> (3)
Mon Jul 21 2025 00:00:00 GMT-0700 (Pacific Daylight Time) -> (0)
Mon Jul 21 2025 00:00:00 GMT-0700 (Pacific Daylight Time) -> (1)
Mon Jul 21 2025 00:00:00 GMT-0700 (Pacific Daylight Time) -> (2)
Mon Jul 21 2025 00:00:00 GMT-0700 (Pacific Daylight Time) -> (3)
Tue Jul 22 2025 00:00:00 GMT-0700 (Pacific Daylight Time) -> (0)
Tue Jul 22 2025 00:00:00 GMT-0700 (Pacific Daylight Time) -> (1)
Tue Jul 22 2025 00:00:00 GMT-0700 (Pacific Daylight Time) -> (2)
Tue Jul 22 2025 00:00:00 GMT-0700 (Pacific Daylight Time) -> (3)
Wed Jul 23 2025 00:00:00 GMT-0700 (Pacific Daylight Time) -> (0)
Wed Jul 23 2025 00:00:00 GMT-0700 (Pacific Daylight Time) -> (1)
Wed Jul 23 2025 00:00:00 GMT-0700 (Pacific Daylight Time) -> (2)
Wed Jul 23 2025 00:00:00 GMT-0700 (Pacific Daylight Time) -> (3)
Fri Jul 25 2025 00:00:00 GMT-0700 (Pacific Daylight Time) -> (0)
Fri Jul 25 2025 00:00:00 GMT-0700 (Pacific Daylight Time) -> (1)
Fri Jul 25 2025 00:00:00 GMT-0700 (Pacific Daylight Time) -> (2)
Fri Jul 25 2025 00:00:00 GMT-0700 (Pacific Daylight Time) -> (3)
Sat Jul 26 2025 00:00:00 GMT-0700 (Pacific Daylight Time) -> (0)
Sat Jul 26 2025 00:00:00 GMT-0700 (Pacific Daylight Time) -> (1)
Sat Jul 26 2025 00:00:00 GMT-0700 (Pacific Daylight Time) -> (2)
Sat Jul 26 2025 00:00:00 GMT-0700 (Pacific Daylight Time) -> (3)
Sun Aug 03 2025 00:00:00 GMT-0700 (Pacific Daylight Time) -> (0)
Sun Aug 03 2025 00:00:00 GMT-0700 (Pacific Daylight Time) -> (1)
Sun Aug 03 2025 00:00:00 GMT-0700 (Pacific Daylight Time) -> (2)
Sun Aug 03 2025 00:00:00 GMT-0700 (Pacific Daylight Time) -> (3)
Mon Aug 04 2025 00:00:00 GMT-0700 (Pacific Daylight Time) -> (0)
Mon Aug 04 2025 00:00:00 GMT-0700 (Pacific Daylight Time) -> (1)
Mon Aug 04 2025 00:00:00 GMT-0700 (Pacific Daylight Time) -> (2)
Mon Aug 04 2025 00:00:00 GMT-0700 (Pacific Daylight Time) -> (3)
Tue Aug 05 2025 00:00:00 GMT-0700 (Pacific Daylight Time) -> (0)
Tue Aug 05 2025 00:00:00 GMT-0700 (Pacific Daylight Time) -> (1)
Tue Aug 05 2025 00:00:00 GMT-0700 (Pacific Daylight Time) -> (2)
Tue Aug 05 2025 00:00:00 GMT-0700 (Pacific Daylight Time) -> (3)
Wed Aug 06 2025 00:00:00 GMT-0700 (Pacific Daylight Time) -> (0)
Wed Aug 06 2025 00:00:00 GMT-0700 (Pacific Daylight Time) -> (1)
Wed Aug 06 2025 00:00:00 GMT-0700 (Pacific Daylight Time) -> (2)
Wed Aug 06 2025 00:00:00 GMT-0700 (Pacific Daylight Time) -> (3)
Thu Aug 07 2025 00:00:00 GMT-0700 (Pacific Daylight Time) -> (0)
Thu Aug 07 2025 00:00:00 GMT-0700 (Pacific Daylight Time) -> (1)
Thu Aug 07 2025 00:00:00 GMT-0700 (Pacific Daylight Time) -> (2)
Thu Aug 07 2025 00:00:00 GMT-0700 (Pacific Daylight Time) -> (3)
Fri Aug 08 2025 00:00:00 GMT-0700 (Pacific Daylight Time) -> (0)
Fri Aug 08 2025 00:00:00 GMT-0700 (Pacific Daylight Time) -> (1)
Fri Aug 08 2025 00:00:00 GMT-0700 (Pacific Daylight Time) -> (2)
Fri Aug 08 2025 00:00:00 GMT-0700 (Pacific Daylight Time) -> (3)
Sat Aug 09 2025 00:00:00 GMT-0700 (Pacific Daylight Time) -> (0)
Sat Aug 09 2025 00:00:00 GMT-0700 (Pacific Daylight Time) -> (1)
Sat Aug 09 2025 00:00:00 GMT-0700 (Pacific Daylight Time) -> (2)
Sat Aug 09 2025 00:00:00 GMT-0700 (Pacific Daylight Time) -> (3)
Sun Aug 10 2025 00:00:00 GMT-0700 (Pacific Daylight Time) -> (0)
Sun Aug 10 2025 00:00:00 GMT-0700 (Pacific Daylight Time) -> (1)
Sun Aug 10 2025 00:00:00 GMT-0700 (Pacific Daylight Time) -> (2)
Sun Aug 10 2025 00:00:00 GMT-0700 (Pacific Daylight Time) -> (3)
Wed Aug 13 2025 00:00:00 GMT-0700 (Pacific Daylight Time) -> (0)
Wed Aug 13 2025 00:00:00 GMT-0700 (Pacific Daylight Time) -> (1)
Wed Aug 13 2025 00:00:00 GMT-0700 (Pacific Daylight Time) -> (2)
Wed Aug 13 2025 00:00:00 GMT-0700 (Pacific Daylight Time) -> (3)
Sat Aug 16 2025 00:00:00 GMT-0700 (Pacific Daylight Time) -> (0)
Sat Aug 16 2025 00:00:00 GMT-0700 (Pacific Daylight Time) -> (1)
Sat Aug 16 2025 00:00:00 GMT-0700 (Pacific Daylight Time) -> (2)
Sat Aug 16 2025 00:00:00 GMT-0700 (Pacific Daylight Time) -> (3)
Sun Aug 17 2025 00:00:00 GMT-0700 (Pacific Daylight Time) -> (0)
Sun Aug 17 2025 00:00:00 GMT-0700 (Pacific Daylight Time) -> (1)
Sun Aug 17 2025 00:00:00 GMT-0700 (Pacific Daylight Time) -> (2)
Sun Aug 17 2025 00:00:00 GMT-0700 (Pacific Daylight Time) -> (3)
Wed Aug 20 2025 00:00:00 GMT-0700 (Pacific Daylight Time) -> (0)
Wed Aug 20 2025 00:00:00 GMT-0700 (Pacific Daylight Time) -> (1)
Wed Aug 20 2025 00:00:00 GMT-0700 (Pacific Daylight Time) -> (2)
Wed Aug 20 2025 00:00:00 GMT-0700 (Pacific Daylight Time) -> (3)
Sat Aug 23 2025 00:00:00 GMT-0700 (Pacific Daylight Time) -> (0)
Sat Aug 23 2025 00:00:00 GMT-0700 (Pacific Daylight Time) -> (1)
Sat Aug 23 2025 00:00:00 GMT-0700 (Pacific Daylight Time) -> (2)
Sat Aug 23 2025 00:00:00 GMT-0700 (Pacific Daylight Time) -> (3)
Sun Sep 07 2025 00:00:00 GMT-0700 (Pacific Daylight Time) -> (0)
Sun Sep 07 2025 00:00:00 GMT-0700 (Pacific Daylight Time) -> (1)
Sun Sep 07 2025 00:00:00 GMT-0700 (Pacific Daylight Time) -> (2)
Sun Sep 07 2025 00:00:00 GMT-0700 (Pacific Daylight Time) -> (3)
Mon Sep 08 2025 00:00:00 GMT-0700 (Pacific Daylight Time) -> (0)
Mon Sep 08 2025 00:00:00 GMT-0700 (Pacific Daylight Time) -> (1)
Mon Sep 08 2025 00:00:00 GMT-0700 (Pacific Daylight Time) -> (2)
Mon Sep 08 2025 00:00:00 GMT-0700 (Pacific Daylight Time) -> (3)
Tue Sep 09 2025 00:00:00 GMT-0700 (Pacific Daylight Time) -> (0)
Tue Sep 09 2025 00:00:00 GMT-0700 (Pacific Daylight Time) -> (1)
Tue Sep 09 2025 00:00:00 GMT-0700 (Pacific Daylight Time) -> (2)
Tue Sep 09 2025 00:00:00 GMT-0700 (Pacific Daylight Time) -> (3)
Tue Sep 16 2025 00:00:00 GMT-0700 (Pacific Daylight Time) -> (0)
Tue Sep 16 2025 00:00:00 GMT-0700 (Pacific Daylight Time) -> (1)
Tue Sep 16 2025 00:00:00 GMT-0700 (Pacific Daylight Time) -> (2)
Tue Sep 16 2025 00:00:00 GMT-0700 (Pacific Daylight Time) -> (3)
Wed Sep 17 2025 00:00:00 GMT-0700 (Pacific Daylight Time) -> (0)
Wed Sep 17 2025 00:00:00 GMT-0700 (Pacific Daylight Time) -> (1)
Wed Sep 17 2025 00:00:00 GMT-0700 (Pacific Daylight Time) -> (2)
Wed Sep 17 2025 00:00:00 GMT-0700 (Pacific Daylight Time) -> (3)
Thu Sep 18 2025 00:00:00 GMT-0700 (Pacific Daylight Time) -> (0)
Thu Sep 18 2025 00:00:00 GMT-0700 (Pacific Daylight Time) -> (1)
Thu Sep 18 2025 00:00:00 GMT-0700 (Pacific Daylight Time) -> (2)
Thu Sep 18 2025 00:00:00 GMT-0700 (Pacific Daylight Time) -> (3)
Fri Sep 19 2025 00:00:00 GMT-0700 (Pacific Daylight Time) -> (0)
Fri Sep 19 2025 00:00:00 GMT-0700 (Pacific Daylight Time) -> (1)
Fri Sep 19 2025 00:00:00 GMT-0700 (Pacific Daylight Time) -> (2)
Fri Sep 19 2025 00:00:00 GMT-0700 (Pacific Daylight Time) -> (3)
Sat Sep 20 2025 00:00:00 GMT-0700 (Pacific Daylight Time) -> (0)
Sat Sep 20 2025 00:00:00 GMT-0700 (Pacific Daylight Time) -> (1)
Sat Sep 20 2025 00:00:00 GMT-0700 (Pacific Daylight Time) -> (2)
Sat Sep 20 2025 00:00:00 GMT-0700 (Pacific Daylight Time) -> (3)
Sun Sep 21 2025 00:00:00 GMT-0700 (Pacific Daylight Time) -> (0)
Sun Sep 21 2025 00:00:00 GMT-0700 (Pacific Daylight Time) -> (1)
Sun Sep 21 2025 00:00:00 GMT-0700 (Pacific Daylight Time) -> (2)
Sun Sep 21 2025 00:00:00 GMT-0700 (Pacific Daylight Time) -> (3)
Mon Sep 22 2025 00:00:00 GMT-0700 (Pacific Daylight Time) -> (0)
Mon Sep 22 2025 00:00:00 GMT-0700 (Pacific Daylight Time) -> (1)
Mon Sep 22 2025 00:00:00 GMT-0700 (Pacific Daylight Time) -> (2)
Mon Sep 22 2025 00:00:00 GMT-0700 (Pacific Daylight Time) -> (3)
Tue Sep 23 2025 00:00:00 GMT-0700 (Pacific Daylight Time) -> (0)
Tue Sep 23 2025 00:00:00 GMT-0700 (Pacific Daylight Time) -> (1)
Tue Sep 23 2025 00:00:00 GMT-0700 (Pacific Daylight Time) -> (2)
Tue Sep 23 2025 00:00:00 GMT-0700 (Pacific Daylight Time) -> (3)
Sun Oct 05 2025 00:00:00 GMT-0700 (Pacific Daylight Time) -> (0)
Sun Oct 05 2025 00:00:00 GMT-0700 (Pacific Daylight Time) -> (1)
Sun Oct 05 2025 00:00:00 GMT-0700 (Pacific Daylight Time) -> (2)
Sun Oct 05 2025 00:00:00 GMT-0700 (Pacific Daylight Time) -> (3)
Mon Oct 06 2025 00:00:00 GMT-0700 (Pacific Daylight Time) -> (0)
Mon Oct 06 2025 00:00:00 GMT-0700 (Pacific Daylight Time) -> (1)
Mon Oct 06 2025 00:00:00 GMT-0700 (Pacific Daylight Time) -> (2)
Mon Oct 06 2025 00:00:00 GMT-0700 (Pacific Daylight Time) -> (3)
Tue Oct 07 2025 00:00:00 GMT-0700 (Pacific Daylight Time) -> (0)
Tue Oct 07 2025 00:00:00 GMT-0700 (Pacific Daylight Time) -> (1)
Tue Oct 07 2025 00:00:00 GMT-0700 (Pacific Daylight Time) -> (2)
Tue Oct 07 2025 00:00:00 GMT-0700 (Pacific Daylight Time) -> (3)
Wed Oct 08 2025 00:00:00 GMT-0700 (Pacific Daylight Time) -> (0)
Wed Oct 08 2025 00:00:00 GMT-0700 (Pacific Daylight Time) -> (1)
Wed Oct 08 2025 00:00:00 GMT-0700 (Pacific Daylight Time) -> (2)
Wed Oct 08 2025 00:00:00 GMT-0700 (Pacific Daylight Time) -> (3)
Thu Oct 09 2025 00:00:00 GMT-0700 (Pacific Daylight Time) -> (0)
Thu Oct 09 2025 00:00:00 GMT-0700 (Pacific Daylight Time) -> (1)
Thu Oct 09 2025 00:00:00 GMT-0700 (Pacific Daylight Time) -> (2)
Thu Oct 09 2025 00:00:00 GMT-0700 (Pacific Daylight Time) -> (3)
Fri Oct 10 2025 00:00:00 GMT-0700 (Pacific Daylight Time) -> (0)
Fri Oct 10 2025 00:00:00 GMT-0700 (Pacific Daylight Time) -> (1)
Fri Oct 10 2025 00:00:00 GMT-0700 (Pacific Daylight Time) -> (2)
Fri Oct 10 2025 00:00:00 GMT-0700 (Pacific Daylight Time) -> (3)
Sat Oct 11 2025 00:00:00 GMT-0700 (Pacific Daylight Time) -> (0)
Sat Oct 11 2025 00:00:00 GMT-0700 (Pacific Daylight Time) -> (1)
Sat Oct 11 2025 00:00:00 GMT-0700 (Pacific Daylight Time) -> (2)
Sat Oct 11 2025 00:00:00 GMT-0700 (Pacific Daylight Time) -> (3)
Sun Oct 12 2025 00:00:00 GMT-0700 (Pacific Daylight Time) -> (0)
Sun Oct 12 2025 00:00:00 GMT-0700 (Pacific Daylight Time) -> (1)
Sun Oct 12 2025 00:00:00 GMT-0700 (Pacific Daylight Time) -> (2)
Sun Oct 12 2025 00:00:00 GMT-0700 (Pacific Daylight Time) -> (3)
Sat Oct 18 2025 00:00:00 GMT-0700 (Pacific Daylight Time) -> (0)
Sat Oct 18 2025 00:00:00 GMT-0700 (Pacific Daylight Time) -> (1)
Sat Oct 18 2025 00:00:00 GMT-0700 (Pacific Daylight Time) -> (2)
Sat Oct 18 2025 00:00:00 GMT-0700 (Pacific Daylight Time) -> (3)
Sun Oct 19 2025 00:00:00 GMT-0700 (Pacific Daylight Time) -> (0)
Sun Oct 19 2025 00:00:00 GMT-0700 (Pacific Daylight Time) -> (1)
Sun Oct 19 2025 00:00:00 GMT-0700 (Pacific Daylight Time) -> (2)
Sun Oct 19 2025 00:00:00 GMT-0700 (Pacific Daylight Time) -> (3)
Mon Oct 20 2025 00:00:00 GMT-0700 (Pacific Daylight Time) -> (0)
Mon Oct 20 2025 00:00:00 GMT-0700 (Pacific Daylight Time) -> (1)
Mon Oct 20 2025 00:00:00 GMT-0700 (Pacific Daylight Time) -> (2)
Mon Oct 20 2025 00:00:00 GMT-0700 (Pacific Daylight Time) -> (3)
Tue Oct 21 2025 00:00:00 GMT-0700 (Pacific Daylight Time) -> (0)
Tue Oct 21 2025 00:00:00 GMT-0700 (Pacific Daylight Time) -> (1)
Tue Oct 21 2025 00:00:00 GMT-0700 (Pacific Daylight Time) -> (2)
Tue Oct 21 2025 00:00:00 GMT-0700 (Pacific Daylight Time) -> (3)
Wed Oct 22 2025 00:00:00 GMT-0700 (Pacific Daylight Time) -> (0)
Wed Oct 22 2025 00:00:00 GMT-0700 (Pacific Daylight Time) -> (1)
Wed Oct 22 2025 00:00:00 GMT-0700 (Pacific Daylight Time) -> (2)
Wed Oct 22 2025 00:00:00 GMT-0700 (Pacific Daylight Time) -> (3)
Thu Oct 23 2025 00:00:00 GMT-0700 (Pacific Daylight Time) -> (0)
Thu Oct 23 2025 00:00:00 GMT-0700 (Pacific Daylight Time) -> (1)
Thu Oct 23 2025 00:00:00 GMT-0700 (Pacific Daylight Time) -> (2)
Thu Oct 23 2025 00:00:00 GMT-0700 (Pacific Daylight Time) -> (3)
Fri Oct 24 2025 00:00:00 GMT-0700 (Pacific Daylight Time) -> (0)
Fri Oct 24 2025 00:00:00 GMT-0700 (Pacific Daylight Time) -> (1)
Fri Oct 24 2025 00:00:00 GMT-0700 (Pacific Daylight Time) -> (2)
Fri Oct 24 2025 00:00:00 GMT-0700 (Pacific Daylight Time) -> (3)
Sat Oct 25 2025 00:00:00 GMT-0700 (Pacific Daylight Time) -> (0)
Sat Oct 25 2025 00:00:00 GMT-0700 (Pacific Daylight Time) -> (1)
Sat Oct 25 2025 00:00:00 GMT-0700 (Pacific Daylight Time) -> (2)
Sat Oct 25 2025 00:00:00 GMT-0700 (Pacific Daylight Time) -> (3)
Sun Nov 02 2025 00:00:00 GMT-0700 (Pacific Daylight Time) -> (0)
Sun Nov 02 2025 00:00:00 GMT-0700 (Pacific Daylight Time) -> (1)
Sun Nov 02 2025 00:00:00 GMT-0700 (Pacific Daylight Time) -> (2)
Sun Nov 02 2025 00:00:00 GMT-0700 (Pacific Daylight Time) -> (3)
Mon Nov 03 2025 00:00:00 GMT-0800 (Pacific Standard Time) -> (0)
Mon Nov 03 2025 00:00:00 GMT-0800 (Pacific Standard Time) -> (1)
Mon Nov 03 2025 00:00:00 GMT-0800 (Pacific Standard Time) -> (2)
Mon Nov 03 2025 00:00:00 GMT-0800 (Pacific Standard Time) -> (3)
Tue Nov 04 2025 00:00:00 GMT-0800 (Pacific Standard Time) -> (0)
Tue Nov 04 2025 00:00:00 GMT-0800 (Pacific Standard Time) -> (1)
Tue Nov 04 2025 00:00:00 GMT-0800 (Pacific Standard Time) -> (2)
Tue Nov 04 2025 00:00:00 GMT-0800 (Pacific Standard Time) -> (3)
Wed Nov 05 2025 00:00:00 GMT-0800 (Pacific Standard Time) -> (0)
Wed Nov 05 2025 00:00:00 GMT-0800 (Pacific Standard Time) -> (1)
Wed Nov 05 2025 00:00:00 GMT-0800 (Pacific Standard Time) -> (2)
Wed Nov 05 2025 00:00:00 GMT-0800 (Pacific Standard Time) -> (3)
Thu Nov 06 2025 00:00:00 GMT-0800 (Pacific Standard Time) -> (0)
Thu Nov 06 2025 00:00:00 GMT-0800 (Pacific Standard Time) -> (1)
Thu Nov 06 2025 00:00:00 GMT-0800 (Pacific Standard Time) -> (2)
Thu Nov 06 2025 00:00:00 GMT-0800 (Pacific Standard Time) -> (3)
Fri Nov 07 2025 00:00:00 GMT-0800 (Pacific Standard Time) -> (0)
Fri Nov 07 2025 00:00:00 GMT-0800 (Pacific Standard Time) -> (1)
Fri Nov 07 2025 00:00:00 GMT-0800 (Pacific Standard Time) -> (2)
Fri Nov 07 2025 00:00:00 GMT-0800 (Pacific Standard Time) -> (3)
Sat Nov 08 2025 00:00:00 GMT-0800 (Pacific Standard Time) -> (0)
Sat Nov 08 2025 00:00:00 GMT-0800 (Pacific Standard Time) -> (1)
Sat Nov 08 2025 00:00:00 GMT-0800 (Pacific Standard Time) -> (2)
Sat Nov 08 2025 00:00:00 GMT-0800 (Pacific Standard Time) -> (3)
Sat Nov 15 2025 00:00:00 GMT-0800 (Pacific Standard Time) -> (0)
Sat Nov 15 2025 00:00:00 GMT-0800 (Pacific Standard Time) -> (1)
Sat Nov 15 2025 00:00:00 GMT-0800 (Pacific Standard Time) -> (2)
Sat Nov 15 2025 00:00:00 GMT-0800 (Pacific Standard Time) -> (3)
Sun Nov 16 2025 00:00:00 GMT-0800 (Pacific Standard Time) -> (0)
Sun Nov 16 2025 00:00:00 GMT-0800 (Pacific Standard Time) -> (1)
Sun Nov 16 2025 00:00:00 GMT-0800 (Pacific Standard Time) -> (2)
Sun Nov 16 2025 00:00:00 GMT-0800 (Pacific Standard Time) -> (3)
Mon Nov 17 2025 00:00:00 GMT-0800 (Pacific Standard Time) -> (0)
Mon Nov 17 2025 00:00:00 GMT-0800 (Pacific Standard Time) -> (1)
Mon Nov 17 2025 00:00:00 GMT-0800 (Pacific Standard Time) -> (2)
Mon Nov 17 2025 00:00:00 GMT-0800 (Pacific Standard Time) -> (3)
Tue Nov 18 2025 00:00:00 GMT-0800 (Pacific Standard Time) -> (0)
Tue Nov 18 2025 00:00:00 GMT-0800 (Pacific Standard Time) -> (1)
Tue Nov 18 2025 00:00:00 GMT-0800 (Pacific Standard Time) -> (2)
Tue Nov 18 2025 00:00:00 GMT-0800 (Pacific Standard Time) -> (3)
Wed Nov 19 2025 00:00:00 GMT-0800 (Pacific Standard Time) -> (0)
Wed Nov 19 2025 00:00:00 GMT-0800 (Pacific Standard Time) -> (1)
Wed Nov 19 2025 00:00:00 GMT-0800 (Pacific Standard Time) -> (2)
Wed Nov 19 2025 00:00:00 GMT-0800 (Pacific Standard Time) -> (3)
Thu Nov 20 2025 00:00:00 GMT-0800 (Pacific Standard Time) -> (0)
Thu Nov 20 2025 00:00:00 GMT-0800 (Pacific Standard Time) -> (1)
Thu Nov 20 2025 00:00:00 GMT-0800 (Pacific Standard Time) -> (2)
Thu Nov 20 2025 00:00:00 GMT-0800 (Pacific Standard Time) -> (3)
Fri Nov 21 2025 00:00:00 GMT-0800 (Pacific Standard Time) -> (0)
Fri Nov 21 2025 00:00:00 GMT-0800 (Pacific Standard Time) -> (1)
Fri Nov 21 2025 00:00:00 GMT-0800 (Pacific Standard Time) -> (2)
Fri Nov 21 2025 00:00:00 GMT-0800 (Pacific Standard Time) -> (3)
Sat Nov 22 2025 00:00:00 GMT-0800 (Pacific Standard Time) -> (0)
Sat Nov 22 2025 00:00:00 GMT-0800 (Pacific Standard Time) -> (1)
Sat Nov 22 2025 00:00:00 GMT-0800 (Pacific Standard Time) -> (2)
Sat Nov 22 2025 00:00:00 GMT-0800 (Pacific Standard Time) -> (3)
Sun Nov 30 2025 00:00:00 GMT-0800 (Pacific Standard Time) -> (0)
Sun Nov 30 2025 00:00:00 GMT-0800 (Pacific Standard Time) -> (1)
Sun Nov 30 2025 00:00:00 GMT-0800 (Pacific Standard Time) -> (2)
Sun Nov 30 2025 00:00:00 GMT-0800 (Pacific Standard Time) -> (3)
Wed Dec 03 2025 00:00:00 GMT-0800 (Pacific Standard Time) -> (0)
Wed Dec 03 2025 00:00:00 GMT-0800 (Pacific Standard Time) -> (1)
Wed Dec 03 2025 00:00:00 GMT-0800 (Pacific Standard Time) -> (2)
Wed Dec 03 2025 00:00:00 GMT-0800 (Pacific Standard Time) -> (3)
Thu Dec 04 2025 00:00:00 GMT-0800 (Pacific Standard Time) -> (0)
Thu Dec 04 2025 00:00:00 GMT-0800 (Pacific Standard Time) -> (1)
Thu Dec 04 2025 00:00:00 GMT-0800 (Pacific Standard Time) -> (2)
Thu Dec 04 2025 00:00:00 GMT-0800 (Pacific Standard Time) -> (3)
Sat Dec 06 2025 00:00:00 GMT-0800 (Pacific Standard Time) -> (0)
Sat Dec 06 2025 00:00:00 GMT-0800 (Pacific Standard Time) -> (1)
Sat Dec 06 2025 00:00:00 GMT-0800 (Pacific Standard Time) -> (2)
Sat Dec 06 2025 00:00:00 GMT-0800 (Pacific Standard Time) -> (3)
Sun Dec 07 2025 00:00:00 GMT-0800 (Pacific Standard Time) -> (0)
Sun Dec 07 2025 00:00:00 GMT-0800 (Pacific Standard Time) -> (1)
Sun Dec 07 2025 00:00:00 GMT-0800 (Pacific Standard Time) -> (2)
Sun Dec 07 2025 00:00:00 GMT-0800 (Pacific Standard Time) -> (3)
Wed Dec 10 2025 00:00:00 GMT-0800 (Pacific Standard Time) -> (0)
Wed Dec 10 2025 00:00:00 GMT-0800 (Pacific Standard Time) -> (1)
Wed Dec 10 2025 00:00:00 GMT-0800 (Pacific Standard Time) -> (2)
Wed Dec 10 2025 00:00:00 GMT-0800 (Pacific Standard Time) -> (3)
Sun Dec 14 2025 00:00:00 GMT-0800 (Pacific Standard Time) -> (0)
Sun Dec 14 2025 00:00:00 GMT-0800 (Pacific Standard Time) -> (1)
Sun Dec 14 2025 00:00:00 GMT-0800 (Pacific Standard Time) -> (2)
Sun Dec 14 2025 00:00:00 GMT-0800 (Pacific Standard Time) -> (3)
Wed Dec 17 2025 00:00:00 GMT-0800 (Pacific Standard Time) -> (0)
Wed Dec 17 2025 00:00:00 GMT-0800 (Pacific Standard Time) -> (1)
Wed Dec 17 2025 00:00:00 GMT-0800 (Pacific Standard Time) -> (2)
Wed Dec 17 2025 00:00:00 GMT-0800 (Pacific Standard Time) -> (3)
Sun Dec 21 2025 00:00:00 GMT-0800 (Pacific Standard Time) -> (0)
Sun Dec 21 2025 00:00:00 GMT-0800 (Pacific Standard Time) -> (1)
Sun Dec 21 2025 00:00:00 GMT-0800 (Pacific Standard Time) -> (2)
Sun Dec 21 2025 00:00:00 GMT-0800 (Pacific Standard Time) -> (3)
Mon Dec 22 2025 00:00:00 GMT-0800 (Pacific Standard Time) -> (0)
Mon Dec 22 2025 00:00:00 GMT-0800 (Pacific Standard Time) -> (1)
Mon Dec 22 2025 00:00:00 GMT-0800 (Pacific Standard Time) -> (2)
Mon Dec 22 2025 00:00:00 GMT-0800 (Pacific Standard Time) -> (3)
Tue Dec 23 2025 00:00:00 GMT-0800 (Pacific Standard Time) -> (0)
Tue Dec 23 2025 00:00:00 GMT-0800 (Pacific Standard Time) -> (1)
Tue Dec 23 2025 00:00:00 GMT-0800 (Pacific Standard Time) -> (2)
Tue Dec 23 2025 00:00:00 GMT-0800 (Pacific Standard Time) -> (3)
Wed Dec 24 2025 00:00:00 GMT-0800 (Pacific Standard Time) -> (0)
Wed Dec 24 2025 00:00:00 GMT-0800 (Pacific Standard Time) -> (1)
Wed Dec 24 2025 00:00:00 GMT-0800 (Pacific Standard Time) -> (2)
Wed Dec 24 2025 00:00:00 GMT-0800 (Pacific Standard Time) -> (3)
Thu Jan 04 2024 00:00:00 GMT-0800 (Pacific Standard Time) -> (0)
Thu Jan 04 2024 00:00:00 GMT-0800 (Pacific Standard Time) -> (1)
Thu Jan 04 2024 00:00:00 GMT-0800 (Pacific Standard Time) -> (2)
Thu Jan 04 2024 00:00:00 GMT-0800 (Pacific Standard Time) -> (3)
Fri Jan 05 2024 00:00:00 GMT-0800 (Pacific Standard Time) -> (0)
Fri Jan 05 2024 00:00:00 GMT-0800 (Pacific Standard Time) -> (1)
Fri Jan 05 2024 00:00:00 GMT-0800 (Pacific Standard Time) -> (2)
Fri Jan 05 2024 00:00:00 GMT-0800 (Pacific Standard Time) -> (3)
Wed Jan 10 2024 00:00:00 GMT-0800 (Pacific Standard Time) -> (0)
Wed Jan 10 2024 00:00:00 GMT-0800 (Pacific Standard Time) -> (1)
Wed Jan 10 2024 00:00:00 GMT-0800 (Pacific Standard Time) -> (2)
Wed Jan 10 2024 00:00:00 GMT-0800 (Pacific Standard Time) -> (3)
Sat Jan 13 2024 00:00:00 GMT-0800 (Pacific Standard Time) -> (0)
Sat Jan 13 2024 00:00:00 GMT-0800 (Pacific Standard Time) -> (1)
Sat Jan 13 2024 00:00:00 GMT-0800 (Pacific Standard Time) -> (2)
Sat Jan 13 2024 00:00:00 GMT-0800 (Pacific Standard Time) -> (3)
Sun Jan 14 2024 00:00:00 GMT-0800 (Pacific Standard Time) -> (0)
Sun Jan 14 2024 00:00:00 GMT-0800 (Pacific Standard Time) -> (1)
Sun Jan 14 2024 00:00:00 GMT-0800 (Pacific Standard Time) -> (2)
Sun Jan 14 2024 00:00:00 GMT-0800 (Pacific Standard Time) -> (3)
Tue Jan 16 2024 00:00:00 GMT-0800 (Pacific Standard Time) -> (0)
Tue Jan 16 2024 00:00:00 GMT-0800 (Pacific Standard Time) -> (1)
Tue Jan 16 2024 00:00:00 GMT-0800 (Pacific Standard Time) -> (2)
Tue Jan 16 2024 00:00:00 GMT-0800 (Pacific Standard Time) -> (3)
Wed Jan 17 2024 00:00:00 GMT-0800 (Pacific Standard Time) -> (0)
Wed Jan 17 2024 00:00:00 GMT-0800 (Pacific Standard Time) -> (1)
Wed Jan 17 2024 00:00:00 GMT-0800 (Pacific Standard Time) -> (2)
Wed Jan 17 2024 00:00:00 GMT-0800 (Pacific Standard Time) -> (3)
Sat Jan 20 2024 00:00:00 GMT-0800 (Pacific Standard Time) -> (0)
Sat Jan 20 2024 00:00:00 GMT-0800 (Pacific Standard Time) -> (1)
Sat Jan 20 2024 00:00:00 GMT-0800 (Pacific Standard Time) -> (2)
Sat Jan 20 2024 00:00:00 GMT-0800 (Pacific Standard Time) -> (3)
Tue Jan 30 2024 00:00:00 GMT-0800 (Pacific Standard Time) -> (0)
Tue Jan 30 2024 00:00:00 GMT-0800 (Pacific Standard Time) -> (1)
Tue Jan 30 2024 00:00:00 GMT-0800 (Pacific Standard Time) -> (2)
Tue Jan 30 2024 00:00:00 GMT-0800 (Pacific Standard Time) -> (3)
Wed Jan 31 2024 00:00:00 GMT-0800 (Pacific Standard Time) -> (0)
Wed Jan 31 2024 00:00:00 GMT-0800 (Pacific Standard Time) -> (1)
Wed Jan 31 2024 00:00:00 GMT-0800 (Pacific Standard Time) -> (2)
Wed Jan 31 2024 00:00:00 GMT-0800 (Pacific Standard Time) -> (3)
Thu Feb 01 2024 00:00:00 GMT-0800 (Pacific Standard Time) -> (0)
Thu Feb 01 2024 00:00:00 GMT-0800 (Pacific Standard Time) -> (1)
Thu Feb 01 2024 00:00:00 GMT-0800 (Pacific Standard Time) -> (2)
Thu Feb 01 2024 00:00:00 GMT-0800 (Pacific Standard Time) -> (3)
Fri Feb 02 2024 00:00:00 GMT-0800 (Pacific Standard Time) -> (0)
Fri Feb 02 2024 00:00:00 GMT-0800 (Pacific Standard Time) -> (1)
Fri Feb 02 2024 00:00:00 GMT-0800 (Pacific Standard Time) -> (2)
Fri Feb 02 2024 00:00:00 GMT-0800 (Pacific Standard Time) -> (3)
Sat Feb 03 2024 00:00:00 GMT-0800 (Pacific Standard Time) -> (0)
Sat Feb 03 2024 00:00:00 GMT-0800 (Pacific Standard Time) -> (1)
Sat Feb 03 2024 00:00:00 GMT-0800 (Pacific Standard Time) -> (2)
Sat Feb 03 2024 00:00:00 GMT-0800 (Pacific Standard Time) -> (3)
Tue Feb 06 2024 00:00:00 GMT-0800 (Pacific Standard Time) -> (0)
Tue Feb 06 2024 00:00:00 GMT-0800 (Pacific Standard Time) -> (1)
Tue Feb 06 2024 00:00:00 GMT-0800 (Pacific Standard Time) -> (2)
Tue Feb 06 2024 00:00:00 GMT-0800 (Pacific Standard Time) -> (3)
Thu Feb 08 2024 00:00:00 GMT-0800 (Pacific Standard Time) -> (0)
Thu Feb 08 2024 00:00:00 GMT-0800 (Pacific Standard Time) -> (1)
Thu Feb 08 2024 00:00:00 GMT-0800 (Pacific Standard Time) -> (2)
Thu Feb 08 2024 00:00:00 GMT-0800 (Pacific Standard Time) -> (3)
Sat Feb 10 2024 00:00:00 GMT-0800 (Pacific Standard Time) -> (0)
Sat Feb 10 2024 00:00:00 GMT-0800 (Pacific Standard Time) -> (1)
Sat Feb 10 2024 00:00:00 GMT-0800 (Pacific Standard Time) -> (2)
Sat Feb 10 2024 00:00:00 GMT-0800 (Pacific Standard Time) -> (3)
Tue Feb 13 2024 00:00:00 GMT-0800 (Pacific Standard Time) -> (0)
Tue Feb 13 2024 00:00:00 GMT-0800 (Pacific Standard Time) -> (1)
Tue Feb 13 2024 00:00:00 GMT-0800 (Pacific Standard Time) -> (2)
Tue Feb 13 2024 00:00:00 GMT-0800 (Pacific Standard Time) -> (3)
Thu Feb 15 2024 00:00:00 GMT-0800 (Pacific Standard Time) -> (0)
Thu Feb 15 2024 00:00:00 GMT-0800 (Pacific Standard Time) -> (1)
Thu Feb 15 2024 00:00:00 GMT-0800 (Pacific Standard Time) -> (2)
Thu Feb 15 2024 00:00:00 GMT-0800 (Pacific Standard Time) -> (3)
Sat Feb 17 2024 00:00:00 GMT-0800 (Pacific Standard Time) -> (0)
Sat Feb 17 2024 00:00:00 GMT-0800 (Pacific Standard Time) -> (1)
Sat Feb 17 2024 00:00:00 GMT-0800 (Pacific Standard Time) -> (2)
Sat Feb 17 2024 00:00:00 GMT-0800 (Pacific Standard Time) -> (3)
Tue Feb 20 2024 00:00:00 GMT-0800 (Pacific Standard Time) -> (0)
Tue Feb 20 2024 00:00:00 GMT-0800 (Pacific Standard Time) -> (1)
Tue Feb 20 2024 00:00:00 GMT-0800 (Pacific Standard Time) -> (2)
Tue Feb 20 2024 00:00:00 GMT-0800 (Pacific Standard Time) -> (3)
Thu Feb 22 2024 00:00:00 GMT-0800 (Pacific Standard Time) -> (0)
Thu Feb 22 2024 00:00:00 GMT-0800 (Pacific Standard Time) -> (1)
Thu Feb 22 2024 00:00:00 GMT-0800 (Pacific Standard Time) -> (2)
Thu Feb 22 2024 00:00:00 GMT-0800 (Pacific Standard Time) -> (3)
Sat Feb 24 2024 00:00:00 GMT-0800 (Pacific Standard Time) -> (0)
Sat Feb 24 2024 00:00:00 GMT-0800 (Pacific Standard Time) -> (1)
Sat Feb 24 2024 00:00:00 GMT-0800 (Pacific Standard Time) -> (2)
Sat Feb 24 2024 00:00:00 GMT-0800 (Pacific Standard Time) -> (3)
Tue Mar 05 2024 00:00:00 GMT-0800 (Pacific Standard Time) -> (0)
Tue Mar 05 2024 00:00:00 GMT-0800 (Pacific Standard Time) -> (1)
Tue Mar 05 2024 00:00:00 GMT-0800 (Pacific Standard Time) -> (2)
Tue Mar 05 2024 00:00:00 GMT-0800 (Pacific Standard Time) -> (3)
Wed Mar 06 2024 00:00:00 GMT-0800 (Pacific Standard Time) -> (0)
Wed Mar 06 2024 00:00:00 GMT-0800 (Pacific Standard Time) -> (1)
Wed Mar 06 2024 00:00:00 GMT-0800 (Pacific Standard Time) -> (2)
Wed Mar 06 2024 00:00:00 GMT-0800 (Pacific Standard Time) -> (3)
Thu Mar 07 2024 00:00:00 GMT-0800 (Pacific Standard Time) -> (0)
Thu Mar 07 2024 00:00:00 GMT-0800 (Pacific Standard Time) -> (1)
Thu Mar 07 2024 00:00:00 GMT-0800 (Pacific Standard Time) -> (2)
Thu Mar 07 2024 00:00:00 GMT-0800 (Pacific Standard Time) -> (3)
Sat Mar 09 2024 00:00:00 GMT-0800 (Pacific Standard Time) -> (0)
Sat Mar 09 2024 00:00:00 GMT-0800 (Pacific Standard Time) -> (1)
Sat Mar 09 2024 00:00:00 GMT-0800 (Pacific Standard Time) -> (2)
Sat Mar 09 2024 00:00:00 GMT-0800 (Pacific Standard Time) -> (3)
Tue Mar 12 2024 00:00:00 GMT-0700 (Pacific Daylight Time) -> (0)
Tue Mar 12 2024 00:00:00 GMT-0700 (Pacific Daylight Time) -> (1)
Tue Mar 12 2024 00:00:00 GMT-0700 (Pacific Daylight Time) -> (2)
Tue Mar 12 2024 00:00:00 GMT-0700 (Pacific Daylight Time) -> (3)
Thu Mar 14 2024 00:00:00 GMT-0700 (Pacific Daylight Time) -> (0)
Thu Mar 14 2024 00:00:00 GMT-0700 (Pacific Daylight Time) -> (1)
Thu Mar 14 2024 00:00:00 GMT-0700 (Pacific Daylight Time) -> (2)
Thu Mar 14 2024 00:00:00 GMT-0700 (Pacific Daylight Time) -> (3)
Sat Mar 16 2024 00:00:00 GMT-0700 (Pacific Daylight Time) -> (0)
Sat Mar 16 2024 00:00:00 GMT-0700 (Pacific Daylight Time) -> (1)
Sat Mar 16 2024 00:00:00 GMT-0700 (Pacific Daylight Time) -> (2)
Sat Mar 16 2024 00:00:00 GMT-0700 (Pacific Daylight Time) -> (3)
Tue Mar 19 2024 00:00:00 GMT-0700 (Pacific Daylight Time) -> (0)
Tue Mar 19 2024 00:00:00 GMT-0700 (Pacific Daylight Time) -> (1)
Tue Mar 19 2024 00:00:00 GMT-0700 (Pacific Daylight Time) -> (2)
Tue Mar 19 2024 00:00:00 GMT-0700 (Pacific Daylight Time) -> (3)
Thu Mar 21 2024 00:00:00 GMT-0700 (Pacific Daylight Time) -> (0)
Thu Mar 21 2024 00:00:00 GMT-0700 (Pacific Daylight Time) -> (1)
Thu Mar 21 2024 00:00:00 GMT-0700 (Pacific Daylight Time) -> (2)
Thu Mar 21 2024 00:00:00 GMT-0700 (Pacific Daylight Time) -> (3)
Sat Mar 23 2024 00:00:00 GMT-0700 (Pacific Daylight Time) -> (0)
Sat Mar 23 2024 00:00:00 GMT-0700 (Pacific Daylight Time) -> (1)
Sat Mar 23 2024 00:00:00 GMT-0700 (Pacific Daylight Time) -> (2)
Sat Mar 23 2024 00:00:00 GMT-0700 (Pacific Daylight Time) -> (3)
Tue Mar 26 2024 00:00:00 GMT-0700 (Pacific Daylight Time) -> (0)
Tue Mar 26 2024 00:00:00 GMT-0700 (Pacific Daylight Time) -> (1)
Tue Mar 26 2024 00:00:00 GMT-0700 (Pacific Daylight Time) -> (2)
Tue Mar 26 2024 00:00:00 GMT-0700 (Pacific Daylight Time) -> (3)
Thu Mar 28 2024 00:00:00 GMT-0700 (Pacific Daylight Time) -> (0)
Thu Mar 28 2024 00:00:00 GMT-0700 (Pacific Daylight Time) -> (1)
Thu Mar 28 2024 00:00:00 GMT-0700 (Pacific Daylight Time) -> (2)
Thu Mar 28 2024 00:00:00 GMT-0700 (Pacific Daylight Time) -> (3)
Fri Mar 29 2024 00:00:00 GMT-0700 (Pacific Daylight Time) -> (0)
Fri Mar 29 2024 00:00:00 GMT-0700 (Pacific Daylight Time) -> (1)
Fri Mar 29 2024 00:00:00 GMT-0700 (Pacific Daylight Time) -> (2)
Fri Mar 29 2024 00:00:00 GMT-0700 (Pacific Daylight Time) -> (3)
Sat Mar 30 2024 00:00:00 GMT-0700 (Pacific Daylight Time) -> (0)
Sat Mar 30 2024 00:00:00 GMT-0700 (Pacific Daylight Time) -> (1)
Sat Mar 30 2024 00:00:00 GMT-0700 (Pacific Daylight Time) -> (2)
Sat Mar 30 2024 00:00:00 GMT-0700 (Pacific Daylight Time) -> (3)
Tue Apr 09 2024 00:00:00 GMT-0700 (Pacific Daylight Time) -> (0)
Tue Apr 09 2024 00:00:00 GMT-0700 (Pacific Daylight Time) -> (1)
Tue Apr 09 2024 00:00:00 GMT-0700 (Pacific Daylight Time) -> (2)
Tue Apr 09 2024 00:00:00 GMT-0700 (Pacific Daylight Time) -> (3)
Tue Apr 16 2024 00:00:00 GMT-0700 (Pacific Daylight Time) -> (0)
Tue Apr 16 2024 00:00:00 GMT-0700 (Pacific Daylight Time) -> (1)
Tue Apr 16 2024 00:00:00 GMT-0700 (Pacific Daylight Time) -> (2)
Tue Apr 16 2024 00:00:00 GMT-0700 (Pacific Daylight Time) -> (3)
Tue Apr 23 2024 00:00:00 GMT-0700 (Pacific Daylight Time) -> (0)
Tue Apr 23 2024 00:00:00 GMT-0700 (Pacific Daylight Time) -> (1)
Tue Apr 23 2024 00:00:00 GMT-0700 (Pacific Daylight Time) -> (2)
Tue Apr 23 2024 00:00:00 GMT-0700 (Pacific Daylight Time) -> (3)
Wed Apr 24 2024 00:00:00 GMT-0700 (Pacific Daylight Time) -> (0)
Wed Apr 24 2024 00:00:00 GMT-0700 (Pacific Daylight Time) -> (1)
Wed Apr 24 2024 00:00:00 GMT-0700 (Pacific Daylight Time) -> (2)
Wed Apr 24 2024 00:00:00 GMT-0700 (Pacific Daylight Time) -> (3)
Thu Apr 25 2024 00:00:00 GMT-0700 (Pacific Daylight Time) -> (0)
Thu Apr 25 2024 00:00:00 GMT-0700 (Pacific Daylight Time) -> (1)
Thu Apr 25 2024 00:00:00 GMT-0700 (Pacific Daylight Time) -> (2)
Thu Apr 25 2024 00:00:00 GMT-0700 (Pacific Daylight Time) -> (3)
Fri Apr 26 2024 00:00:00 GMT-0700 (Pacific Daylight Time) -> (0)
Fri Apr 26 2024 00:00:00 GMT-0700 (Pacific Daylight Time) -> (1)
Fri Apr 26 2024 00:00:00 GMT-0700 (Pacific Daylight Time) -> (2)
Fri Apr 26 2024 00:00:00 GMT-0700 (Pacific Daylight Time) -> (3)
Sat Apr 27 2024 00:00:00 GMT-0700 (Pacific Daylight Time) -> (0)
Sat Apr 27 2024 00:00:00 GMT-0700 (Pacific Daylight Time) -> (1)
Sat Apr 27 2024 00:00:00 GMT-0700 (Pacific Daylight Time) -> (2)
